candidate_id,target,source_pool_policy,eligible_target_names,target_score,best_anchor_target_score,target_delta_vs_anchor,reblend_weight,macro_brier_delta,fold_logloss_std,control_result,claim_status,claim_reason
lgb_foldsafe_baseline_v1,Q1,primary_claim_pool,"Q1,Q2,Q3,S1,S2,S3,S4",0.7186089949169779,0.6227600448650603,0.09584895005191763,0.0,0.04040971626314932,0.021188455985278545,not_run,disputed,macro Brier regression exceeds 0.0010
lgb_foldsafe_baseline_v1,Q2,primary_claim_pool,"Q1,Q2,Q3,S1,S2,S3,S4",0.7245359587067768,0.6556358809986518,0.06890007770812501,0.0,0.04040971626314932,0.044039317481313504,not_run,disputed,macro Brier regression exceeds 0.0010
lgb_foldsafe_baseline_v1,Q3,primary_claim_pool,"Q1,Q2,Q3,S1,S2,S3,S4",0.6935234735248417,0.6309857415368405,0.06253773198800117,0.0,0.04040971626314932,0.027163236874896617,not_run,disputed,macro Brier regression exceeds 0.0010
lgb_foldsafe_baseline_v1,S1,primary_claim_pool,"Q1,Q2,Q3,S1,S2,S3,S4",0.6811706388409787,0.562996471228798,0.11817416761218069,0.0,0.04040971626314932,0.14591325495293023,not_run,disputed,macro Brier regression exceeds 0.0010
lgb_foldsafe_baseline_v1,S2,primary_claim_pool,"Q1,Q2,Q3,S1,S2,S3,S4",0.7120286759962432,0.6113857154018603,0.10064296059438294,0.0,0.04040971626314932,0.08824996932277027,not_run,disputed,macro Brier regression exceeds 0.0010
lgb_foldsafe_baseline_v1,S3,primary_claim_pool,"Q1,Q2,Q3,S1,S2,S3,S4",0.7562575517339877,0.595105227779678,0.16115232395430967,0.0,0.04040971626314932,0.08864475982050901,not_run,disputed,macro Brier regression exceeds 0.0010
lgb_foldsafe_baseline_v1,S4,primary_claim_pool,"Q1,Q2,Q3,S1,S2,S3,S4",0.7273547378057525,0.6599865674577321,0.06736817034802045,0.135,0.04040971626314932,0.10038156772073514,not_run,disputed,macro Brier regression exceeds 0.0010
cb_foldsafe_baseline_v1,Q1,primary_claim_pool,"Q1,Q2,Q3,S1,S2,S3,S4",0.6957827604025493,0.6227600448650603,0.07302271553748896,0.05,0.026387851328428608,0.0030731328902552533,not_run,disputed,macro Brier regression exceeds 0.0010
cb_foldsafe_baseline_v1,Q2,primary_claim_pool,"Q1,Q2,Q3,S1,S2,S3,S4",0.6937047867137418,0.6556358809986518,0.03806890571509003,0.045000000000000005,0.026387851328428608,0.040017088106092086,not_run,disputed,macro Brier regression exceeds 0.0010
cb_foldsafe_baseline_v1,Q3,primary_claim_pool,"Q1,Q2,Q3,S1,S2,S3,S4",0.6715456996069803,0.6309857415368405,0.04055995807013979,0.0,0.026387851328428608,0.03047690830747177,not_run,disputed,macro Brier regression exceeds 0.0010
cb_foldsafe_baseline_v1,S1,primary_claim_pool,"Q1,Q2,Q3,S1,S2,S3,S4",0.6317083114476415,0.562996471228798,0.06871184021884347,0.0,0.026387851328428608,0.10458863238324466,not_run,disputed,macro Brier regression exceeds 0.0010
cb_foldsafe_baseline_v1,S2,primary_claim_pool,"Q1,Q2,Q3,S1,S2,S3,S4",0.6682101763204937,0.6113857154018603,0.05682446091863347,0.0,0.026387851328428608,0.06573285315689383,not_run,disputed,macro Brier regression exceeds 0.0010
cb_foldsafe_baseline_v1,S3,primary_claim_pool,"Q1,Q2,Q3,S1,S2,S3,S4",0.6920251089983172,0.595105227779678,0.09691988121863915,0.0,0.026387851328428608,0.07137873512885756,not_run,disputed,macro Brier regression exceeds 0.0010
cb_foldsafe_baseline_v1,S4,primary_claim_pool,"Q1,Q2,Q3,S1,S2,S3,S4",0.6943267566052017,0.6599865674577321,0.03434018914746961,0.0,0.026387851328428608,0.05359457336330822,not_run,disputed,macro Brier regression exceeds 0.0010
lgb_cb_foldsafe_fixed_blend_v1,Q1,primary_claim_pool,"Q1,Q2,Q3,S1,S2,S3,S4",0.7008932288975893,0.6227600448650603,0.078133184032529,0.0,0.0299647647746924,0.0,not_run,disputed,macro Brier regression exceeds 0.0010
lgb_cb_foldsafe_fixed_blend_v1,Q2,primary_claim_pool,"Q1,Q2,Q3,S1,S2,S3,S4",0.7015942977628624,0.6556358809986518,0.04595841676421064,0.0,0.0299647647746924,0.0,not_run,disputed,macro Brier regression exceeds 0.0010
lgb_cb_foldsafe_fixed_blend_v1,Q3,primary_claim_pool,"Q1,Q2,Q3,S1,S2,S3,S4",0.6744962156537947,0.6309857415368405,0.04351047411695419,0.0,0.0299647647746924,0.0,not_run,disputed,macro Brier regression exceeds 0.0010
lgb_cb_foldsafe_fixed_blend_v1,S1,primary_claim_pool,"Q1,Q2,Q3,S1,S2,S3,S4",0.64203266650006,0.562996471228798,0.07903619527126193,0.0,0.0299647647746924,0.0,not_run,disputed,macro Brier regression exceeds 0.0010
lgb_cb_foldsafe_fixed_blend_v1,S2,primary_claim_pool,"Q1,Q2,Q3,S1,S2,S3,S4",0.6792808869990242,0.6113857154018603,0.06789517159716396,0.0,0.0299647647746924,0.0,not_run,disputed,macro Brier regression exceeds 0.0010
lgb_cb_foldsafe_fixed_blend_v1,S3,primary_claim_pool,"Q1,Q2,Q3,S1,S2,S3,S4",0.7140480003689764,0.595105227779678,0.11894277258929842,0.0,0.0299647647746924,0.0,not_run,disputed,macro Brier regression exceeds 0.0010
lgb_cb_foldsafe_fixed_blend_v1,S4,primary_claim_pool,"Q1,Q2,Q3,S1,S2,S3,S4",0.6950460398263132,0.6599865674577321,0.03505947236858109,0.0,0.0299647647746924,0.0,not_run,disputed,macro Brier regression exceeds 0.0010
q2_lgb_weighted_reliability_v1,Q2,primary_claim_pool,Q2,0.7328674847085078,0.6556358809986518,0.07723160370985604,0.0,0.004938410862379478,0.047339585555002416,not_run,disputed,macro Brier regression exceeds 0.0010
q2_cb_weighted_reliability_v1,Q2,primary_claim_pool,Q2,0.6900178445526732,0.6556358809986518,0.034381963554021455,0.0,0.002339206624353607,0.038381590958947324,not_run,disputed,macro Brier regression exceeds 0.0010
s4_lgb_weighted_reliability_v1,S4,primary_claim_pool,S4,0.7283917217014442,0.6599865674577321,0.06840515424371207,0.0,0.004032837701344522,0.10020561962516943,not_run,disputed,macro Brier regression exceeds 0.0010
s4_cb_weighted_reliability_v1,S4,primary_claim_pool,S4,0.6916832943369586,0.6599865674577321,0.03169672687922653,0.0,0.0021359802032861475,0.06169595439503975,not_run,disputed,macro Brier regression exceeds 0.0010
q2_uncertainty_prior_shrink_v1,Q2,primary_claim_pool,Q2,0.655970063133343,0.6556358809986518,0.00033418213469127434,0.0,1.997343217247094e-05,0.0,not_run,tentative,run completed but support gate not met
s4_uncertainty_prior_shrink_v1,S4,primary_claim_pool,S4,0.660164754257362,0.6599865674577321,0.00017818679962988693,0.0,1.089849453159153e-05,0.0,not_run,tentative,run completed but support gate not met
q2_temperature_scale_v1,Q2,primary_claim_pool,Q2,0.656119598961425,0.6556358809986518,0.00048371796277324464,0.0,2.9031265290857533e-05,0.0,not_run,tentative,run completed but support gate not met
s4_temperature_scale_v1,S4,primary_claim_pool,S4,0.6602522178631097,0.6599865674577321,0.0002656504053776265,0.0,1.628051848148737e-05,0.0,not_run,tentative,run completed but support gate not met
q2_nested_platt_diagnostic_v1,Q2,primary_claim_pool,Q2,0.6556358809986518,0.6556358809986518,0.0,0.1,0.0,0.0,not_run,supported,targetwise reblend weight gate passed
s4_nested_platt_diagnostic_v1,S4,primary_claim_pool,S4,0.6599865674577321,0.6599865674577321,0.0,0.1,0.0,0.0,not_run,supported,targetwise reblend weight gate passed
